,benchmark,alignment,threading,modeller,secondary_structure,solvent_access,co_evolution,sum_scores
Bac_rhodopsin,.,0.5749789497532085,0.915494023301559,0.9721258034648232,0.8601398601398601,0.42657342657342656,0.9651388423156133,1.0
DMRL_synthase,.,0.7072283215279042,0.8784990164926607,0.8869548594220726,0.8321678321678322,0.5314685314685315,0.8730746987550297,0.998200590958239
E2_N,.,0.787821564342325,0.639204115599938,0.8415625027545872,0.8321678321678322,0.5664335664335665,0.9893638866629192,0.9794012513783718
Zn_dep_PLPC,.,0.7580955309452448,0.8935920714177602,0.8122375796550904,0.8741258741258742,0.38461538461538464,0.9177570680206422,0.9736625349809673
lipocalin,.,0.8754542352175424,0.7493191103041307,0.8209258242323285,0.8741258741258742,0.46853146853146854,0.8434532951308996,0.9705979526109675
Hpr_kinase,.,0.726090290787997,0.7617264336510797,0.768710209182636,0.8391608391608392,0.5524475524475524,0.8730746987550297,0.9312487649087778
MoCF_biosynth,.,0.7479294878498772,0.7426236949614162,0.808093135597361,0.8461538461538461,0.5454545454545454,0.8052822695668267,0.9221148099357989
Flavin_Reduct,.,0.8732919594694154,0.7363443788772873,0.6065799520329997,0.8531468531468531,0.5244755244755245,0.8972841681815058,0.920544346128222
Ald_Xan_dh_1,.,0.6609583680276385,0.7799969738235718,0.8514639925050388,0.8461538461538461,0.5034965034965035,0.8434532951308996,0.9185520291550324
GEL,.,0.7844045073914998,0.6671962475412292,0.8160731464494124,0.916083916083916,0.4195804195804196,0.8730746987550297,0.9153108582080938
aminotran_4,.,0.8004947539426823,0.6414737479194993,0.7829829922431126,0.8741258741258742,0.4405594405594406,0.9354940865781809,0.9148547339010986
Peptidase_C15,.,0.6327687442369802,0.7666439703434674,0.8213648921869319,0.8741258741258742,0.4405594405594406,0.9354940865781809,0.9133697483882418
transcript_fac2,.,0.45474739088669763,0.8759645937358156,0.9377609133679699,0.8391608391608392,0.46153846153846156,0.8972841681815058,0.9117685104104363
Flavoprotein,.,0.6794061868646912,0.769556665153577,0.8681367612923991,0.8811188811188811,0.5104895104895105,0.7515290797636129,0.909555814378473
Bacteriofer,.,0.40933378966723916,1.0,0.9695911742706602,0.8181818181818182,0.5104895104895105,0.7515290797636129,0.9091602894059692
dNK,.,0.6663637699721454,0.7618399152670575,0.8612835148263661,0.8881118881118881,0.46853146853146854,0.8052822695668267,0.9064163199850938
ENTH,.,0.3887201181954208,0.9065668028446039,1.0,0.8461538461538461,0.42657342657342656,0.8730746987550297,0.9027432711415693
DNA_polymeraseX,.,0.8341852274815952,0.5859812377061567,0.7382173259456023,0.8531468531468531,0.5244755244755245,0.8972841681815058,0.899968701267613
Aldolase_II,.,0.60463979689601,0.7209487063095743,0.7923336705629669,0.8251748251748252,0.4825174825174825,1.0,0.897237785634682
Dwarfin,.,0.7908915534650038,0.6312225752761372,0.7943760408174776,0.8811188811188811,0.4755244755244755,0.8434532951308996,0.8940259249830362
cat3,.,0.6827554626238984,0.6990467544257809,0.8051104420234468,0.8461538461538461,0.5734265734265734,0.8052822695668267,0.8923140992222728
EF_TS,.,0.47065279512727326,0.8088213042820382,0.876890010342254,0.8450704225352113,0.5633802816901409,0.8425153341248017,0.8907325860563601
eIF6,.,0.8114564726661353,0.6984793463458893,0.7523435005962631,0.8881118881118881,0.35664335664335667,0.8972841681815058,0.8896611847192325
hemopexin,.,0.8386426585127649,0.6676123467998178,0.766186605910203,0.8601398601398601,0.42657342657342656,0.8434532951308996,0.8890526090346363
hexapep,.,0.894509372308875,0.6422681192313507,0.7469304697197141,0.8601398601398601,0.40559440559440557,0.8434532951308996,0.8855970352560152
Hint,.,0.8016992238447925,0.6588742623694943,0.7212324993404894,0.8796992481203008,0.49624060150375937,0.833761908267596,0.8851032913990211
GP120,.,0.9524157134725694,0.5039718565592332,0.7749078676706435,0.8531468531468531,0.40559440559440557,0.8972841681815058,0.88361368377662
PTS_EIIA_2,.,0.6062277754931473,0.8111287638069279,0.8018969007860604,0.8666666666666667,0.42962962962962964,0.8653761420680242,0.8813384757856985
RNase_U2,.,0.7491664664057613,0.6572098653351482,0.7270249552049212,0.8732394366197183,0.49295774647887325,0.8721364067789987,0.878068501500382
actin,.,0.8918665196492139,0.6073157815100582,0.5669826865464035,0.9020979020979021,0.46153846153846156,0.9354940865781809,0.875777478119057
blmb,.,0.7951879456347277,0.5968376456347373,0.7948978334760494,0.8601398601398601,0.3986013986013986,0.9177570680206422,0.8751108580228752
Heme_oxygenase,.,0.43741841546641524,0.7374035406264149,0.8221004180974997,0.8461538461538461,0.5524475524475524,0.9651388423156133,0.8741292125565769
adeno_fiber,.,0.9035733346184653,0.5499697382357381,0.7334653051349626,0.8601398601398601,0.5034965034965035,0.8052822695668267,0.8724443795366479
Amidase_2,.,0.7432944540123273,0.6724920562868791,0.792993559862107,0.8467153284671532,0.45985401459854014,0.837723629189832,0.8714289946106363
Cu_nir,.,0.909100942136927,0.5556816462399715,0.7847923035916061,0.8601398601398601,0.43356643356643354,0.8052822695668267,0.8698245738196569
Cytidylyl_trans,.,0.7871511197587465,0.5886291420789809,0.6761174567209096,0.8881118881118881,0.4825174825174825,0.9177570680206422,0.8668789654119001
RRF,.,0.5435276207542598,0.7396353457406522,0.8441836733179328,0.8811188811188811,0.5734265734265734,0.7515290797636129,0.8644372534935619
GAF,.,0.5631209923246591,0.7046073536087134,0.9294846868879042,0.8560606060606061,0.48484848484848486,0.7945882523556889,0.8641843657895208
ISP,.,0.7023911077625125,0.6146542593433167,0.7653553301683486,0.8560606060606061,0.5075757575757576,0.8865770953936936,0.8641501327184079
cryst,.,0.884617166079032,0.5696398850052936,0.6664897672630873,0.8732394366197183,0.49295774647887325,0.8425153341248017,0.8630277106917651
Recep_L_domain,.,0.6303933100606778,0.6896277802995903,0.8123383577913419,0.8671328671328671,0.4825174825174825,0.8434532951308996,0.8616059276049757
Bcl-2,.,0.4176793953172825,0.9698895445604482,0.9467464943399915,0.8601398601398601,0.46853146853146854,0.6598370981422649,0.8606669417575952
SIS,.,0.6490442125084832,0.726017551823272,0.8133461088628631,0.8321678321678322,0.4965034965034965,0.8052822695668267,0.8605024327999883
lipase,.,0.9089394985065696,0.5829550612800682,0.6355464872397826,0.8951048951048951,0.42657342657342656,0.8730746987550297,0.8604428738194557
phc,.,0.45108139182891815,0.9384173097291555,0.9650202027297456,0.8111888111888111,0.48951048951048953,0.6598370981422649,0.8579030444584603
RuvA,.,0.6779708052854647,0.5839763958238728,0.7652398911911155,0.8741258741258742,0.5384615384615384,0.8730746987550297,0.8571181584488168
DSBA,.,0.6813811157539986,0.761310334392491,0.7339283938476205,0.8951048951048951,0.48951048951048953,0.7515290797636129,0.8570879544122586
GTP_cyclohydroI,.,0.6511450221943953,0.6976471478287158,0.7486700814915576,0.8461538461538461,0.48951048951048953,0.8730746987550297,0.8547529624842188
Ribosomal_L4,.,0.8412115070436732,0.6587986079588426,0.781782590451255,0.8531468531468531,0.5104895104895105,0.6598370981422649,0.8544202659803828
annexin,.,0.4872892567321623,0.8176728703283417,0.9688406846091734,0.8391608391608392,0.4405594405594406,0.7515290797636129,0.8543441304618262
LysR_substrate,.,0.795313206427041,0.5989937963383237,0.7468915155017342,0.8601398601398601,0.4965034965034965,0.8052822695668267,0.8536581771883198
Peptidase_S11,.,0.8445446807996474,0.6448025419881949,0.7308793024153766,0.8951048951048951,0.43356643356643354,0.7515290797636129,0.8526985635962537
SRP54,.,0.7919713478690324,0.7726963231956412,0.6541112012066236,0.8531468531468531,0.34965034965034963,0.8730746987550297,0.8506435216293193
NHase_alpha,.,0.687732291186898,0.6424194280526528,0.8188169955375005,0.9090909090909091,0.4825174825174825,0.7515290797636129,0.8497382083022287
Hydrolase,.,0.6599671953126702,0.7629369042215155,0.8441907614104734,0.8461538461538461,0.42657342657342656,0.7515290797636129,0.8494696041326861
MutS_D2,.,0.5978847068827495,0.7169768497503367,0.7458499899721666,0.8531468531468531,0.5034965034965035,0.8730746987550297,0.8491417132448723
arginase,.,0.7043241091125526,0.7103192616129498,0.8529427382385902,0.8251748251748252,0.3916083916083916,0.8052822695668267,0.8488649140480364
Pro_CA,.,0.7211039250097941,0.6115146013012535,0.7497457449710968,0.8601398601398601,0.5874125874125874,0.7515290797636129,0.84594545593667
Cys-protease-3C,.,0.8613705681292028,0.6509305492510179,0.7025919973072519,0.8881118881118881,0.42657342657342656,0.7515290797636129,0.8458250993220175
hormone_rec,.,0.5499197198045603,0.7652443637464035,0.8339931166139952,0.8671328671328671,0.45454545454545453,0.8052822695668267,0.844049857697865
phosfruc,.,0.6524000052626623,0.6691254350128594,0.8088687364926779,0.8531468531468531,0.44755244755244755,0.8434532951308996,0.8434909206717934
Astacin,.,0.8164378569731147,0.5538659403843204,0.6680455732847732,0.8741258741258742,0.42657342657342656,0.9354940865781809,0.8434894923295218
Ribosomal_S7,.,0.381540892403209,0.8438114692086531,0.8388567900276475,0.85,0.5571428571428572,0.8024499759768002,0.8432259400765184
tyrosinase,.,0.8335093458306208,0.5557573006506259,0.7283802045568983,0.8671328671328671,0.4125874125874126,0.8730746987550297,0.8420304641432063
RuBisCO_small,.,0.678056887773051,0.5561733999092104,0.6448573329028378,0.8905109489051095,0.5766423357664233,0.9120229887518319,0.8376977986116899
subt,.,0.9348555268605143,0.6517627477681923,0.5104688249181469,0.8601398601398601,0.3356643356643357,0.9651388423156133,0.8376146327873614
ptpase,.,0.7491653280030829,0.6725677106975327,0.7132488232781925,0.8741258741258742,0.34965034965034963,0.8972841681815058,0.8369073835730224
NusB,.,0.3293468667041856,0.9059237403540618,0.9035873411877274,0.8473282442748091,0.5267175572519084,0.7398331545045631,0.8357314063696195
CoA_trans,.,0.8950108678991872,0.5887804509002843,0.7131294464717701,0.8391608391608392,0.34265734265734266,0.8730746987550297,0.8354029295118758
Extradiol_dioxy,.,0.9383307218450165,0.4754879709487018,0.6837446683685965,0.8531468531468531,0.45454545454545453,0.8434532951308996,0.8342983458925094
fbpase,.,0.8024788828240276,0.67044938719927,0.6938678579024038,0.8391608391608392,0.3986013986013986,0.8434532951308996,0.8340502593926205
Ala_racemase_N,.,0.7244450516540165,0.6792631260402454,0.7537481242680749,0.8391608391608392,0.40559440559440557,0.8434532951308996,0.8332153082091946
Fe-ADH,.,0.6390400080441279,0.8064003631411693,0.7423965137731785,0.8391608391608392,0.4125874125874126,0.8052822695668267,0.8329315966040811
Binary_toxA,.,0.6510653735057763,0.6286124981086384,0.8071669278810514,0.8671328671328671,0.3916083916083916,0.8972841681815058,0.8322210400145956
Mur_ligase,.,0.7710263012795304,0.688303828113176,0.7552981144189583,0.8601398601398601,0.4125874125874126,0.7515290797636129,0.8308030326506622
RhoGEF,.,0.43223655406305017,0.7838175215615043,0.7968694439691283,0.8601398601398601,0.5594405594405595,0.8052822695668267,0.8304122483566796
ATP-sulfurylase,.,0.8244671165991388,0.5281056135572665,0.7877851749394248,0.8391608391608392,0.44755244755244755,0.8052822695668267,0.828479385660859
AMP-binding,.,0.8917343490607511,0.6437812074443908,0.5358403795485751,0.8601398601398601,0.42657342657342656,0.8730746987550297,0.8280490556076341
HMG-CoA_red,.,0.7860634074533177,0.6669692843092716,0.7344609095179846,0.8391608391608392,0.3986013986013986,0.8052822695668267,0.8278335195076928
lyase_1,.,0.5653247372832327,0.6926161295203478,0.6955889618770578,0.8741258741258742,0.5944055944055944,0.8052822695668267,0.8266969655102432
Syntaxin,.,0.21190103292176274,0.862157663791797,0.9517162165228102,0.8064516129032258,0.6612903225806451,0.7325030468239868,0.8262260297977556
OMPdecase,.,0.667813904905469,0.6806627326373104,0.7043807410709799,0.8461538461538461,0.42657342657342656,0.8972841681815058,0.8251049400645438
Levi_coat,.,0.7021328916514378,0.5596535027992094,0.6390524577309629,0.8951048951048951,0.6713286713286714,0.7515290797636129,0.8236578686690756
Ribosomal_L14,.,0.7811900884393881,0.6023225904070175,0.6469238753703718,0.9230769230769231,0.4195804195804196,0.8434532951308996,0.8228558316145107
Arginosuc_synth,.,0.8822433032672011,0.5022318051142334,0.7823288582327876,0.8181818181818182,0.4755244755244755,0.7515290797636129,0.8212520281922622
MCR_alpha,.,0.8216496923259737,0.5399455288243262,0.6981747222686937,0.8671328671328671,0.4755244755244755,0.8052822695668267,0.8197115776127218
CPS,.,0.6975050026982201,0.6899682251475245,0.7037395110239982,0.8461538461538461,0.42657342657342656,0.8434532951308996,0.8195990625830677
Clp_N,.,0.42447357964783833,0.8467241640187617,0.867081725979613,0.8623188405797102,0.5507246376811594,0.6551050890454018,0.8192556389310939
formyl_transf,.,0.6864297438907551,0.6177560901800538,0.6620007631512969,0.8321678321678322,0.5104895104895105,0.8972841681815058,0.8191489302389917
Ribosomal_L5_NC,.,0.7308846853980933,0.584354667877134,0.7903221668311013,0.8531468531468531,0.5874125874125874,0.6598370981422649,0.8190884301208491
DUF28,.,0.7467114576398466,0.7346799818429403,0.5997948754484317,0.8321678321678322,0.44755244755244755,0.8434532951308996,0.8185198335924744
TyrKc,.,0.6908093656443248,0.6657966409441641,0.7865621154842319,0.8461538461538461,0.46153846153846156,0.7515290797636129,0.8178188117644369
PBP,.,0.8557613588063122,0.5397185655923707,0.6175596951429573,0.8601398601398601,0.45454545454545453,0.8730746987550297,0.8172531655339866
hormone,.,0.4100157525509706,0.8617037373278831,0.9393281693852985,0.8321678321678322,0.4965034965034965,0.6598370981422649,0.816810736453408
sugbp,.,0.7420215960955238,0.6473747919503677,0.697485056922684,0.8531468531468531,0.4125874125874126,0.8434532951308996,0.8155701031479811
Dehydratase_SU,.,0.4192468168913127,0.7427750037827169,0.7983912937868053,0.8613138686131386,0.6277372262773723,0.7458096852110971,0.8152872184835434
Dehydratase_MU,.,0.7348871818218468,0.6998789529429544,0.7023942274089693,0.8811188811188811,0.4195804195804196,0.7515290797636129,0.8131933993065557
ku,.,0.8006072232971623,0.3528899984869095,0.6393119000925481,0.8391608391608392,0.8041958041958042,0.7515290797636129,0.8125907444546798
Spermine_synth,.,0.837521684650677,0.5638144953850763,0.6508650668599475,0.8881118881118881,0.4405594405594406,0.8052822695668267,0.8120428433492493
PA_phosphatase,.,0.8730532943385494,0.531510062036614,0.7351542703652334,0.8461538461538461,0.35664335664335667,0.8434532951308996,0.8119764119476419
AFOR,.,0.8423083279111239,0.6837267362687228,0.6146955605186339,0.8461538461538461,0.27972027972027974,0.9177570680206422,0.8114049204199972
SCP,.,0.6997915071323869,0.6551671962475379,0.6884096934451471,0.8656716417910447,0.5298507462686567,0.7428549986996087,0.8104741875624034
NTP_transf_2,.,0.7991011791297014,0.5234528673021602,0.671268565312214,0.8601398601398601,0.45454545454545453,0.8730746987550297,0.8104161390717209
tRNA-synt_1_edit,.,0.841837600503341,0.6735890452413353,0.7183980195990606,0.8671328671328671,0.4195804195804196,0.6598370981422649,0.8099865080794514
ATP-synt,.,0.717446547267416,0.6920865486457851,0.8022895326472241,0.8601398601398601,0.35664335664335667,0.7515290797636129,0.8099010763813546
transketolase_C,.,0.5759434631187228,0.8039794220003007,0.6905019832573802,0.8601398601398601,0.4965034965034965,0.7515290797636129,0.809354021868288
RGS,.,0.3850103651495334,0.7434558934785892,0.8500454046851019,0.837037037037037,0.5185185185185185,0.8357575242872989,0.8062329201536251
ghf33,.,0.9526186551417148,0.5207293085186826,0.6589075074501456,0.8881118881118881,0.34265734265734266,0.8052822695668267,0.8056929273800001
ech,.,0.691237466411188,0.5952110758057164,0.5634716877502585,0.8391608391608392,0.5734265734265734,0.8972841681815058,0.8026634037558464
Endonuclease_3,.,0.523781475453708,0.7476547132697808,0.7939115284281127,0.8111888111888111,0.4755244755244755,0.8052822695668267,0.8017922632265745
Mur_ligase_C,.,0.6191098772683378,0.7940308669995457,0.5007469153242229,0.9051094890510949,0.46715328467153283,0.8673429741068737,0.8004225580120811
cah,.,0.8443952962336102,0.4985247389922798,0.6829448346782686,0.9020979020979021,0.4195804195804196,0.8052822695668267,0.800184916107202
Fe_hyd_lg_C,.,0.8104966783782355,0.5572325616583416,0.7468438980595378,0.8881118881118881,0.3986013986013986,0.7515290797636129,0.800181373756785
TNF,.,0.7157813054944133,0.6299364502950546,0.6917368864911346,0.8391608391608392,0.46853146853146854,0.8052822695668267,0.7993323813386678
Sua5_yciO_yrdC,.,0.6816897876456722,0.7007868058707787,0.610151911454094,0.8531468531468531,0.40559440559440557,0.8972841681815058,0.7987007695526592
ribonuclease_T2,.,0.7546894493805163,0.6289151157512475,0.7552382897062752,0.8461538461538461,0.5034965034965035,0.6598370981422649,0.7985856287432239
Peptidase_M17,.,0.7618061844245537,0.5606370101376889,0.7207468135464837,0.8461538461538461,0.32167832167832167,0.9354940865781809,0.7979402296063174
dCMP_cyt_deam,.,0.6580450520332474,0.6777878650325287,0.6276795223764569,0.8592592592592593,0.5259259259259259,0.7975911373165706,0.7978592894584841
YgbB,.,0.717097788504306,0.7075200484188224,0.6565718900850096,0.8321678321678322,0.4755244755244755,0.7515290797636129,0.79576814021301
RNA_pol_A_bac,.,0.8443837803868075,0.5987668331063664,0.6665737036068062,0.8461538461538461,0.5244755244755245,0.6598370981422649,0.7956897517129481
int,.,0.5565738260662011,0.7392192464820693,0.7461689238455035,0.8321678321678322,0.45454545454545453,0.8052822695668267,0.7934720921913789
Ribosomal_S8,.,0.6079401052956913,0.6678771372370994,0.7395738172283238,0.8796992481203008,0.49624060150375937,0.741855329169106,0.7931976740768616
SCP2,.,0.6047502398584746,0.5732712967165962,0.7651677380439705,0.8333333333333334,0.49242424242424243,0.8623702396334892,0.7925326684634463
Histidine_kinase,.,0.7069677819735484,0.4822968679073957,0.7288402035881923,0.8391608391608392,0.6223776223776224,0.7515290797636129,0.7924811887956587
uce,.,0.6631560350296175,0.6665153578453584,0.6861947251081714,0.8531468531468531,0.45454545454545453,0.8052822695668267,0.7916516168066542
tRNA-synt_2b,.,0.6823415135539751,0.4995082463307591,0.6810794849913124,0.8671328671328671,0.43356643356643354,0.9651388423156133,0.7916255355193828
Haloperoxidase,.,0.7846623477936019,0.5875699803298502,0.7762372788049403,0.8671328671328671,0.35664335664335667,0.7515290797636129,0.7898493120505136
biopterin_H,.,0.5022914855473318,0.7327507943713116,0.8933840016844216,0.8531468531468531,0.38461538461538464,0.7515290797636129,0.787694242002495
ung,.,0.8334952996512097,0.6283098804660284,0.5727500160315084,0.8251748251748252,0.38461538461538464,0.8730746987550297,0.7875883994412902
Rhodanese,.,0.6331657042909021,0.608564079285819,0.7082254557454185,0.8450704225352113,0.5140845070422535,0.8043448596587189,0.7861777047717561
LMWPc,.,0.5733877533383835,0.7921395067332415,0.8011163927497537,0.8391608391608392,0.44755244755244755,0.6598370981422649,0.7860848494437416
ricin,.,0.7822133602790606,0.6310712664548328,0.5481604385505844,0.8811188811188811,0.42657342657342656,0.8434532951308996,0.7858701826363538
Fapy_DNA_glyco,.,0.6629834024936885,0.6827054017249192,0.609168998997459,0.8391608391608392,0.3986013986013986,0.9177570680206422,0.7850826426425283
Desulfoferrodox,.,0.791289875253253,0.4450748978665429,0.648683388325118,0.8888888888888888,0.5476190476190477,0.7883710220735567,0.7849225455792712
BChl_A,.,0.8720960089407165,0.39824481767286624,0.6071932840747251,0.8741258741258742,0.5524475524475524,0.8052822695668267,0.7847313803057336
Nitroreductase,.,0.5138387845791501,0.6883038281131777,0.7451124345650166,0.8531468531468531,0.5034965034965035,0.8052822695668267,0.7846569748447693
Peptidase_M24,.,0.8511986786639388,0.4729157209865292,0.6679218648662427,0.8881118881118881,0.38461538461538464,0.8434532951308996,0.7843140594895149
UreE,.,0.724828491008632,0.5607126645483407,0.6554869575613788,0.8581560283687943,0.5035460992907801,0.8034007935298478,0.783571974315278
dhfr,.,0.6268935452187523,0.5735739143592055,0.8049949121732325,0.8321678321678322,0.5104895104895105,0.7515290797636129,0.7812657231127539
C2,.,0.7264114357146971,0.6046678771372357,0.6103468794354534,0.9090909090909091,0.4405594405594406,0.8052822695668267,0.7800952131771998
IF4E,.,0.780884866061934,0.6861476774095902,0.6992476292678004,0.8394160583941606,0.4306569343065693,0.6541381362655531,0.7780076707155613
Ribosomal_L1,.,0.6872976486997672,0.5612044182175796,0.7247190533046671,0.7972027972027972,0.5104895104895105,0.8052822695668267,0.7764793807724325
GFP,.,0.956476811014597,0.5217128158571597,0.6371712355632745,0.8601398601398601,0.44755244755244755,0.6598370981422649,0.775303375265928
glnasn,.,0.8386795012778283,0.5314344076259611,0.6245000282160607,0.8741258741258742,0.3706293706293706,0.8434532951308996,0.7752792564921789
Me-amine-deh_L,.,0.757715505209222,0.5334770767135697,0.5676533140028327,0.916083916083916,0.46153846153846156,0.8434532951308996,0.7742471714139049
S_T_dehydratase,.,0.708023340468093,0.5984642154637587,0.5970955086846854,0.8601398601398601,0.3356643356643357,0.9778023412628885,0.7732751922776351
DNA_ligase_N,.,0.7879203684785764,0.4666364049024024,0.772364969035183,0.8321678321678322,0.4125874125874126,0.8052822695668267,0.7731932401598204
ATP-synt_g,.,0.6273386424081243,0.6515357845362337,0.6096488234841713,0.8251748251748252,0.48951048951048953,0.8730746987550297,0.7729527354368791
aakinase,.,0.7258395611837027,0.498978665456191,0.6235810600472607,0.8181818181818182,0.5104895104895105,0.8972841681815058,0.7722666207628655
proteasome,.,0.5587995302057813,0.5814798002723537,0.7839063223150147,0.841726618705036,0.4676258992805755,0.8396610830905251,0.7718555064510148
Gly_radical,.,0.9286601400768235,0.5838629142078946,0.6675559193705847,0.8461538461538461,0.2937062937062937,0.7515290797636129,0.7712396297657439
PK,.,0.8513755192583011,0.5522771977606267,0.635736199733724,0.8671328671328671,0.4125874125874126,0.7515290797636129,0.7709443619050597
TIMP,.,0.8542513073689872,0.6204039945528788,0.59048755868615,0.8741258741258742,0.46853146853146854,0.6598370981422649,0.7698766751697433
Pep_deformylase,.,0.6109903653928639,0.6792631260402489,0.7967782983688936,0.8741258741258742,0.4405594405594406,0.6598370981422649,0.7677124304675434
COX3,.,0.6983913200402059,0.7532531396580384,0.44803327847331453,0.8181818181818182,0.4965034965034965,0.8434532951308996,0.7663825766543284
capsid_n,.,0.5013031687668623,0.6954531699198043,0.7248197708589311,0.8787878787878788,0.5151515151515151,0.7408480863124149,0.7658657143885979
alk_phosphatase,.,0.8027999797938641,0.5713421092449666,0.7574223309386182,0.8951048951048951,0.36363636363636365,0.6598370981422649,0.7636524737472219
KSI,.,0.6361813401387229,0.6927296111363256,0.7100584243600414,0.84,0.528,0.6419504866053275,0.7632173852199183
START,.,0.6407186731654778,0.6013390830685396,0.7627396119838805,0.8111888111888111,0.42657342657342656,0.8052822695668267,0.7628338591462049
Beta_elim_lyase,.,0.7555577491355931,0.6134816159782078,0.6137568729128937,0.8321678321678322,0.42657342657342656,0.8052822695668267,0.7624702131611153
UPP_synthetase,.,0.5820939427400234,0.7103949160236024,0.6869055032768343,0.8671328671328671,0.44755244755244755,0.7515290797636129,0.7620393601143646
CASc,.,0.7672851638762173,0.6252837040399424,0.6770666250104921,0.8531468531468531,0.3706293706293706,0.7515290797636129,0.7618017133172981
Glyco_transf_28,.,0.8107953240159437,0.6065970646088645,0.5355828152286033,0.8321678321678322,0.3076923076923077,0.9511409862489736,0.7614585754532233
VAT-N,.,0.7124257004906908,0.5354819185958507,0.6562722515747,0.8601398601398601,0.5244755244755245,0.7515290797636129,0.7601592688084658
Phage_integrase,.,0.5961896545462863,0.6184748070812505,0.7804068340964998,0.8251748251748252,0.5594405594405595,0.6598370981422649,0.7598744468198907
laminin_G,.,0.9139867043630712,0.5568164623997542,0.6073562950576639,0.8601398601398601,0.4405594405594406,0.6598370981422649,0.7595798902426631
fibrinogen_C,.,0.9319008818148553,0.378082917234072,0.5618140434075393,0.8741258741258742,0.4195804195804196,0.8730746987550297,0.7595382548268519
Orbi_VP7,.,0.7131608159097722,0.5856786200635494,0.5869942952668535,0.8702290076335878,0.48854961832061067,0.7935720276284948,0.7593979173838205
PARP,.,0.7899569152384874,0.48524738992282923,0.6964047892120928,0.9020979020979021,0.5034965034965035,0.6598370981422649,0.7589909809811869
p450,.,0.65907588034083,0.6469208654864541,0.8034095118506395,0.8461538461538461,0.4195804195804196,0.6598370981422649,0.7582570152436262
Plectin,.,0.6359673141928254,0.590066575881371,0.7278704374228507,0.8671328671328671,0.46153846153846156,0.7515290797636129,0.757946460022845
Frataxin_Cyay,.,0.5761686474444611,0.5606748373430143,0.7308391365576461,0.9090909090909091,0.5363636363636364,0.7165063016885964,0.7563592304244964
WD40,.,0.9292947327809622,0.5883643516417,0.5921753728586577,0.8461538461538461,0.32167832167832167,0.7515290797636129,0.7561999251002438
gluts,.,0.5568970092051471,0.639128461189286,0.6133306483396461,0.8671328671328671,0.4755244755244755,0.8730746987550297,0.7547385429582251
Jacalin,.,0.8193503494222225,0.501929187471627,0.699338138757166,0.8811188811188811,0.3706293706293706,0.7515290797636129,0.7543140430252419
AP_endonucleas1,.,0.7147254691025413,0.5812528370403967,0.6281217103034179,0.8811188811188811,0.4125874125874126,0.8052822695668267,0.7540271322934291
rasgap,.,0.42797632168745525,0.7053638977152351,0.8572575388452461,0.8391608391608392,0.5314685314685315,0.6598370981422649,0.7533069081501075
MIF,.,0.5409020997999979,0.5701316386745308,0.7930000421347724,0.9020979020979021,0.46153846153846156,0.7515290797636129,0.7526433774346126
BAG,.,0.25466318515160463,0.7142532909668605,0.8482718064182557,0.8482142857142857,0.6339285714285714,0.7189128003489732,0.7523035065283817
hemocyan,.,0.8609469246416411,0.4732561658344645,0.5774820447862642,0.8391608391608392,0.46153846153846156,0.8052822695668267,0.7520981380551329
gag_p17,.,0.3845809119505741,0.7242396731729435,0.7070032444380511,0.865546218487395,0.5546218487394958,0.7807298940072022,0.751761956319608
leukocidin,.,0.8987858039278942,0.45093811469208334,0.5972110082439059,0.8251748251748252,0.48951048951048953,0.7515290797636129,0.750490943233326
tms,.,0.7490685633063845,0.43493720683915565,0.6727203823523095,0.8391608391608392,0.4405594405594406,0.8730746987550297,0.7492001057822695
Transpeptidase,.,0.8905171333269359,0.522431532758357,0.5225558704506297,0.8391608391608392,0.4825174825174825,0.7515290797636129,0.7489122111224848
GroEL,.,0.6457154258814539,0.6904599788167607,0.5978845436357365,0.8741258741258742,0.44755244755244755,0.7515290797636129,0.7483982555749826
TonB_dep_Rec,.,0.8433488211204364,0.4481767287032796,0.48796809922166384,0.8601398601398601,0.48951048951048953,0.8730746987550297,0.746602046201011
DHHA2,.,0.5167492162754482,0.648547435315475,0.7964509435992904,0.888,0.416,0.7335752737738327,0.7455717684281961
Topoisomerase_I,.,0.6457454741179264,0.46470721743077154,0.6987599139772126,0.8181818181818182,0.5664335664335665,0.8052822695668267,0.7454961263134512
HIT,.,0.642068881945071,0.5382433045846553,0.62663124195528,0.8897058823529411,0.45588235294117646,0.8367442109766736,0.7419972491278122
PGI,.,0.6376974461733435,0.5504236646996479,0.6365556316970169,0.8671328671328671,0.5454545454545454,0.7515290797636129,0.7418255355417647
tRNA-synt_2d,.,0.8154465977822086,0.5146769556665126,0.5621800191941911,0.8461538461538461,0.4965034965034965,0.7515290797636129,0.741006088933933
icd,.,0.6119635112861678,0.5890452413375674,0.6504847634332455,0.8531468531468531,0.4755244755244755,0.8052822695668267,0.7406350528450726
Topoisom_bac,.,0.7294766069461266,0.5747087305189884,0.6098659644729656,0.8461538461538461,0.46853146853146854,0.7515290797636129,0.7387916081359325
PGAM,.,0.4853915294253059,0.6583825087002545,0.7119285297330186,0.8601398601398601,0.45454545454545453,0.8052822695668267,0.7371566055300908
intb,.,0.7897865064927656,0.6808518686639433,0.4787444537569056,0.8936170212765957,0.3829787234042553,0.7496498199088752,0.7371417486540003
DUF101,.,0.5819607113280246,0.5289378120744406,0.6928712842075814,0.8429752066115702,0.5371900826446281,0.782958249316948,0.7340339937784175
chorismate_bind,.,0.7447927094489246,0.5867377818126756,0.6763154386561485,0.8741258741258742,0.32867132867132864,0.7515290797636129,0.7323543089694988
NO_synthase,.,0.7574911760597334,0.5908609471932186,0.512413128080348,0.8601398601398601,0.32867132867132864,0.8972841681815058,0.7269067468998138
avi,.,0.7152308022135744,0.44068694204871794,0.6329253469674307,0.9090909090909091,0.4405594405594406,0.8052822695668267,0.7258092020242043
MIP,.,0.43581748755714317,0.6143894689060341,0.6750145010559895,0.8111888111888111,0.5314685314685315,0.8730746987550297,0.7248051156952664
ATP-gua_Ptrans,.,0.7949896092420655,0.5012104705704308,0.5896991749914647,0.8531468531468531,0.35664335664335667,0.8434532951308996,0.7241608909542818
FAA_hydrolase,.,0.8843122453441746,0.46656075049175083,0.5686837075921922,0.8601398601398601,0.4965034965034965,0.6598370981422649,0.7230559801410118
S-AdoMet_syntD2,.,0.6299902177578127,0.5755409290361597,0.5886387630272856,0.8840579710144928,0.5072463768115942,0.7467801670469706,0.7217101593220558
DAP_epimerase,.,0.705340650743426,0.5815554546830057,0.6673521215645432,0.875,0.4485294117647059,0.653164099519419,0.7212431317868964
aspg,.,0.6283937905322836,0.6659857769707974,0.6052465727785199,0.8461538461538461,0.5244755244755245,0.6598370981422649,0.7209410286176146
oxidored_q6,.,0.691735410568824,0.5541685580269288,0.5745348976935316,0.8181818181818182,0.44755244755244755,0.8434532951308996,0.7207751704355388
thymid_phosphorylase,.,0.7093450499961044,0.5236041761234643,0.5778059160915846,0.8461538461538461,0.42657342657342656,0.8434532951308996,0.7198178671910768
pilin,.,0.6619256718891371,0.4317597215917653,0.6654129830167789,0.8524590163934426,0.6639344262295082,0.6387206414328461,0.7152911898570081
bv,.,0.8639779705364748,0.5476244515055201,0.3771716541090808,0.8671328671328671,0.44755244755244755,0.8052822695668267,0.7133447887423744
COX1,.,0.6256641177822102,0.7149720078680556,0.6266699235543162,0.8041958041958042,0.3776223776223776,0.7515290797636129,0.7104671159564268
PX,.,0.4709422382088123,0.5922983809956083,0.7850411743963679,0.8741258741258742,0.5174825174825175,0.6598370981422649,0.7101376539431882
ghf6,.,0.7295666459095639,0.5357088818278057,0.6296814238632994,0.8111888111888111,0.34265734265734266,0.8434532951308996,0.7074796634923073
Peptidase_M16,.,0.6175784773777991,0.5203510364654218,0.6719313019647678,0.8531468531468531,0.38461538461538464,0.8434532951308996,0.7070598246707736
peroxidase,.,0.8041685434149023,0.43126796792252525,0.6138709790864012,0.8391608391608392,0.3916083916083916,0.8052822695668267,0.7050257032326037
citrate_synt,.,0.5519969818317577,0.5592374035406242,0.6726516520874599,0.8391608391608392,0.45454545454545453,0.8052822695668267,0.7041418070227673
STAS,.,0.35874531885822614,0.6552806778635147,0.8619881742142887,0.8090909090909091,0.5727272727272728,0.6249543468534354,0.7041105335630188
cytochr_c552,.,0.6167987681744274,0.5040475109698879,0.6336875592435043,0.8601398601398601,0.46153846153846156,0.8052822695668267,0.7036507697898889
OTCace,.,0.6990270070079513,0.5753139658042017,0.7574444736550594,0.8041958041958042,0.2937062937062937,0.7515290797636129,0.7035519321573513
Band_41_M,.,0.293556684033264,0.6483961264941719,0.8114962681647139,0.8727272727272727,0.5363636363636364,0.7165063016885964,0.7027797705561606
Pept_C1-like,.,0.735818453385588,0.5277273415040067,0.5605249647314386,0.8321678321678322,0.3776223776223776,0.8434532951308996,0.7021635507782885
DNA_topoisoIV,.,0.5132404214648909,0.6188152519291833,0.4919524705228495,0.8671328671328671,0.5804195804195804,0.8052822695668267,0.7019958348529738
aconitase,.,0.8682086350362879,0.5640792858223613,0.4383391078569295,0.8391608391608392,0.23076923076923078,0.9354940865781809,0.7017141724560119
NiFeSe_Hases,.,0.8083737187580231,0.5335527311242207,0.6981372220184143,0.8391608391608392,0.3356643356643357,0.6598370981422649,0.7012426784816926
mutT,.,0.6394436054286008,0.5427825692237825,0.5548720443297789,0.8881118881118881,0.4405594405594406,0.8052822695668267,0.6999354974565174
HSP20,.,0.6426874369886764,0.4484036919352371,0.5513887466474306,0.8842975206611571,0.6115702479338843,0.7292334864620845,0.6987006966841675
PEPCK_ATP,.,0.7767933394013299,0.4700786805870759,0.648129578086138,0.8321678321678322,0.38461538461538464,0.7515290797636129,0.6971824995845674
CUB,.,0.6293833855476204,0.5058253896202126,0.7021687109603992,0.92,0.456,0.6419504866053275,0.6943412685330045
msb,.,0.5239347115862311,0.5978968073838681,0.7267427340160257,0.8828828828828829,0.4954954954954955,0.6261575715467329,0.6935522304516252
galpha,.,0.6681277374957755,0.5082463307610786,0.7091995838138621,0.8251748251748252,0.4825174825174825,0.6598370981422649,0.6935496884016219
tryp_alpha_amyl,.,0.5136265996829834,0.5389241942805233,0.6125054610875381,0.8448275862068966,0.5258620689655172,0.8154685201640915,0.6928777525595715
PGM_PMM_III,.,0.408400138541502,0.6580420638523201,0.7457646602427345,0.8796992481203008,0.41353383458646614,0.741855329169106,0.6914833953989663
alpha-amylase,.,0.7053900694956609,0.40652897563927715,0.6096568354520218,0.8671328671328671,0.44755244755244755,0.8052822695668267,0.6894370167245795
Trypan_glycop,.,0.6744050980045696,0.4009305492510182,0.5264511559391567,0.8391608391608392,0.5944055944055944,0.8052822695668267,0.6891139832725247
Bacterial_PQQ,.,0.9365953165233004,0.3845891965501558,0.6471763205123976,0.8951048951048951,0.3146853146853147,0.6598370981422649,0.6881721038993313
serpin,.,0.8016508043019592,0.43985474353154497,0.6745148814048527,0.8671328671328671,0.3916083916083916,0.6598370981422649,0.6869662391372597
DUF50,.,0.5870787081939317,0.5607883189589915,0.5349926709426039,0.8914728682170543,0.4263565891472868,0.8296785033685631,0.6854608887947267
ghf22,.,0.6757040902256616,0.5997881676501694,0.6561535108791468,0.8601398601398601,0.3776223776223776,0.6598370981422649,0.6850615065059076
psaA_psaB,.,0.6347710047749836,0.6285746709033093,0.6061533488223301,0.8741258741258742,0.4195804195804196,0.6598370981422649,0.6828547142434789
ldh,.,0.7526282018710891,0.5473218338629101,0.4348751888378415,0.8461538461538461,0.43356643356643354,0.8052822695668267,0.6817110088339797
Ald_Xan_dh_2,.,0.9129188189767152,0.35901800574973375,0.5941321104737987,0.8671328671328671,0.27972027972027974,0.8052822695668267,0.6811334277182035
B_lectin,.,0.7178664159536267,0.4441292177333905,0.5382457873633426,0.937984496124031,0.4418604651162791,0.7377797481111449,0.6810130953831853
phoslip,.,0.6499794548411189,0.6957936147677367,0.2643752877833726,0.9090909090909091,0.48951048951048953,0.8052822695668267,0.6796489976768395
aldedh,.,0.7415616927333553,0.4102360417612319,0.5720030098343043,0.8531468531468531,0.4825174825174825,0.7515290797636129,0.6785681858716451
dutpase,.,0.6808451664624283,0.47802239370554944,0.4698105492202447,0.8881118881118881,0.44755244755244755,0.8434532951308996,0.677430252251021
MATH,.,0.7317882046378977,0.4087229535481891,0.5481197880369537,0.8531468531468531,0.4405594405594406,0.8052822695668267,0.6702519534975957
tubulin,.,0.7759374131066619,0.5295430473596573,0.5179296027005996,0.8811188811188811,0.4195804195804196,0.6598370981422649,0.6689451567717505
KAS,.,0.7432248985482013,0.4199576335300325,0.6577054396536309,0.8461538461538461,0.36363636363636365,0.7515290797636129,0.6683263839903574
Sec1,.,0.7455897593658822,0.41606143138144774,0.587913460327113,0.8461538461538461,0.43356643356643354,0.7515290797636129,0.6678306932880471
parv,.,0.3378665896578706,0.5777727341503979,0.7842581219165851,0.8272727272727273,0.5272727272727272,0.7165063016885964,0.6643209919781458
Skp1,.,0.42507431761194275,0.659176880012101,0.5890874635179058,0.865546218487395,0.5966386554621849,0.6354103769702516,0.6643155521390022
DNA_PPF,.,0.575808668368229,0.4312679679225265,0.677650150714354,0.8362068965517241,0.5172413793103449,0.7235989390223366,0.661056639570538
pgk,.,0.7029999377899282,0.485247389922829,0.6049495544391709,0.8601398601398601,0.44755244755244755,0.6598370981422649,0.6606838839493063
EFTU_C,.,0.5361849133224817,0.454531699198059,0.5870169680756856,0.9038461538461539,0.4423076923076923,0.8304537558344399,0.6584121913394254
urease,.,0.7886784624860488,0.4930776214253261,0.5522645198591238,0.8601398601398601,0.3006993006993007,0.7515290797636129,0.6555829086873144
gln-synt_N,.,0.5133045724883013,0.4496141625056693,0.6379696758678892,0.8809523809523809,0.46825396825396826,0.7883710220735567,0.6527640418424017
mofe,.,0.8283110628861773,0.42249205628687864,0.5609597616559214,0.8741258741258742,0.3916083916083916,0.6598370981422649,0.6523614634870075
6PGD,.,0.6603139112169693,0.5756922378574655,0.5545403579480674,0.8461538461538461,0.43356643356643354,0.6598370981422649,0.6497890462852796
ADP_PFK_GK,.,0.6895548349578933,0.49587683461945553,0.6299169969217989,0.8321678321678322,0.32867132867132864,0.7515290797636129,0.6489398074006423
Sec23_NC,.,0.7998175069429332,0.4449235890452375,0.4576211504198347,0.8671328671328671,0.34965034965034963,0.8052822695668267,0.6477695850504742
ghf15,.,0.6495672905418565,0.520426690876075,0.5646689544242617,0.8881118881118881,0.4405594405594406,0.6598370981422649,0.6473225937328846
Propep_M14,.,0.4716931227746087,0.5049175366923859,0.6108624472948068,0.875,0.5480769230769231,0.7090138732738575,0.6460391318839712
Ribosomal_L22,.,0.33401335953634775,0.5241715842033554,0.7223635347566284,0.8247422680412371,0.5567010309278351,0.7533821469893935,0.6445484214018099
Amidase,.,0.7291580947578401,0.5511045543955164,0.6525783557582103,0.8391608391608392,0.2727272727272727,0.6598370981422649,0.6407032548329946
GATase_2,.,0.8233025726320296,0.45823876532001434,0.37574807963429563,0.8811188811188811,0.35664335664335667,0.8052822695668267,0.6391974908133171
Peptidase_S24,.,0.6109024990051248,0.3949538508094994,0.6183373558258501,0.8717948717948718,0.5641025641025641,0.6331568413055721,0.6366764545538663
UcrQ,.,0.30596389194071916,0.28464972007867884,0.6104756464499425,0.8148148148148148,0.9876543209876543,0.6756002576093527,0.6316637528034299
BIR,.,0.44377313392568535,0.41091693145710045,0.6722484486694726,0.8876404494382022,0.5730337078651685,0.6881971678634856,0.6304723123341965
Fimbrial,Fold,0.8725396768051461,0.6552050234528665,0.7333757952483911,0.8741258741258742,0.5314685314685315,0.0,0.627236515521157
Elicitin,.,0.37232886790998665,0.5485323044333458,0.6772728158050408,0.9083969465648855,0.4198473282442748,0.7398331545045631,0.6270573861271607
IF3,.,0.3476201845007756,0.4678847026781632,0.6837452741884718,0.8613861386138614,0.504950495049505,0.7969296661949916,0.625742794707372
hpr,.,0.543975110672724,0.45736873959751345,0.5536969052267201,0.875,0.5454545454545454,0.686686294545773,0.6256236561884555
CH,.,0.3633027561302285,0.6294825238311355,0.6961695796455184,0.8837209302325582,0.4418604651162791,0.6461384051512917,0.6250875187601577
CBD_6,.,1.0,0.5904826751399602,0.6554614828356236,0.8865248226950354,0.524822695035461,0.0,0.6238839206706814
urease_gamma,.,0.3132698519224146,0.5405129369042173,0.6696511474092128,0.8113207547169812,0.6037735849056604,0.7115585523129678,0.6213205802292487
Fz,.,0.5060975205398821,0.5002647904372792,0.5941765776526436,0.8931297709923665,0.5038167938931297,0.648183913515648,0.6197489360361559
ACPS,.,0.49739321923196467,0.4519972764412131,0.4834080778749947,0.8421052631578947,0.6491228070175439,0.7212765145368438,0.6196186462906887
PAP2,.,0.745939828955091,0.5705855651384449,0.49387290438196485,0.8391608391608392,0.3356643356643357,0.6598370981422649,0.6195323387599738
cytc,.,0.48631332829635643,0.4563474050537113,0.6034310517763047,0.8867924528301887,0.5,0.7115585523129678,0.6193125445924842
lipoxygenase,.,0.7709903034784251,0.2828718414283526,0.565189126514667,0.8671328671328671,0.38461538461538464,0.7515290797636129,0.6114447596801839
SRP54M,.,0.3022449253167608,0.49784384929640996,0.6835139721600929,0.8807339449541285,0.6330275229357798,0.6237401336547228,0.6110091944095489
Ribosomal_S30AE,.,0.31040668653787357,0.4242699349372041,0.6157703758503477,0.8672566371681416,0.5752212389380531,0.8119618002881563,0.605239270623714
PDZ,.,0.4939350554697817,0.4893705553033698,0.6543256917334636,0.8737864077669902,0.47572815533980584,0.616212344755415,0.604695473978204
fusion_gly,.,0.0935150304399673,0.3973747919503677,0.6172612076904108,0.796875,1.0,0.6976202955351573,0.6044421996419969
tcl1_mtcp1,.,0.5719436092882312,0.5018535330609748,0.5482525686081164,0.900709219858156,0.41843971631205673,0.6579644556188642,0.6032029387131552
MurB_C,.,0.6370870853242875,0.6902330155848075,0.7614431574507984,0.9037037037037037,0.5925925925925926,0.0,0.5981851787933814
Glu_syn_central,.,0.6950229734116934,0.5212210621879213,0.5390328382543021,0.8181818181818182,0.20279720279720279,0.8052822695668267,0.596932338672757
ngf,.,0.5918027892274874,0.37600242094113906,0.45769313696651387,0.9166666666666666,0.6,0.636522981129861,0.5959183054642266
Sm,.,0.44512848816662226,0.3643894689060347,0.6247010695416697,0.8571428571428571,0.5384615384615384,0.7448320674153044,0.5944836208494503
SNAP-25,.,0.11002228145485493,0.38791799061885013,0.6213021777134438,0.803030303030303,1.0,0.648183913515648,0.5929897636204152
MMOB,.,0.4818765560849934,0.37308972613103025,0.4505631974179472,0.8118811881188119,0.5841584158415841,0.8507278845782437,0.5865289067493599
CBM_20,.,0.6058103930576,0.43138144953850494,0.43701998051501534,0.8608695652173913,0.43478260869565216,0.776157910426664,0.5842963658325273
SRF-TF,.,0.4254647782548454,0.36423816008473076,0.6141201528011005,0.8932038834951457,0.6310679611650486,0.616212344755415,0.5836863359270194
SUI1,.,0.42077948562473955,0.425858677560898,0.6548791687715121,0.8921568627450981,0.5294117647058824,0.6149152084063005,0.5814427473234095
Isochorismatase,.,0.9030822266387323,0.6250945680133132,0.710525905266795,0.8671328671328671,0.4195804195804196,0.0,0.5769651919369398
TPK_B1_binding,.,0.5104700115276857,0.35239824481767,0.5320814338229781,0.900990099009901,0.44554455445544555,0.7587912490568167,0.5680207433286351
mdm2,.,0.28467127664932773,0.4821833862914174,0.695644545850614,0.8426966292134831,0.5730337078651685,0.596788539129579,0.5590346279940981
CODH,.,0.6732098217357895,0.5523150249659522,0.5401255404178333,0.8251748251748252,0.22377622377622378,0.6598370981422649,0.5588284354324549
TNFR_c6,.,0.5120862538504707,0.3087834770767113,0.4460400932199275,0.9487179487179487,0.4358974358974359,0.8166171702561967,0.556588389524854
PAH,.,0.23585095432249537,0.39438644272960827,0.6765404098668308,0.8235294117647058,0.7294117647058823,0.590674569029806,0.5502737125255878
DAO,.,0.8076007740928678,0.6243380239067913,0.7675316169062881,0.8531468531468531,0.38461538461538464,0.0,0.5455913280038309
Peptidase_S21,.,0.6608444859210743,0.6427220456952601,0.7750061922364001,0.8601398601398601,0.4965034965034965,0.0,0.5448738720164623
TIR,.,0.6540388274808959,0.5803071569072448,0.8056827600596164,0.8531468531468531,0.5314685314685315,0.0,0.5411125834502986
RNA_pol_K,.,0.3597016359094241,0.36995006808896663,0.5931671302854717,0.8681318681318682,0.6153846153846154,0.5997432256410674,0.5345073199503637
L15,.,0.7290069053841493,0.5085111211983611,0.6248092083894058,0.8671328671328671,0.6643356643356644,0.0,0.53013735391453
Egg_lysin,.,0.33851107592983354,0.7712210621879231,0.8963791751477663,0.8181818181818182,0.5378787878787878,0.0,0.5188862225294116
SAM_PNT,.,0.3315560464901908,0.3620441821758183,0.4614490308744892,0.872093023255814,0.5,0.8291591455941214,0.5167976194390321
Ribosomal_S15,.,0.16782424864465942,0.38814495385080655,0.6728791677416183,0.8461538461538461,0.6813186813186813,0.5997432256410674,0.5167131910590513
Dala_Dala_ligas_C,.,0.7669641631031663,0.5753896202148553,0.7051558876013904,0.8321678321678322,0.4755244755244755,0.0,0.5164064572294841
tetR,.,0.25665067415721016,0.3696474504463589,0.6340459319907213,0.8059701492537313,0.7164179104477612,0.5590366782072393,0.5116271993871009
PAN,.,0.4414385879368473,0.4406112876380651,0.5055982754489102,0.8932038834951457,0.4368932038834951,0.616212344755415,0.5088481268472089
THAUMATIN,.,0.8230172826403255,0.6774852473899206,0.5533948737279032,0.8714285714285714,0.4,0.0,0.5057771736201313
utg,.,0.19112779903274985,0.3513769102738664,0.5928134526422879,0.8472222222222222,0.6805555555555556,0.6598370981422649,0.5049258144524341
Rop,.,0.10094123092336962,0.3981313360568892,0.5714286774470496,0.8305084745762712,0.7288135593220338,0.686686294545773,0.5026404742667824
cyclo,.,0.8506257758902804,0.6098502042669078,0.5745353066219475,0.8881118881118881,0.3916083916083916,0.0,0.5020078952126811
NMT,.,0.8356372631786614,0.3707066121954881,0.7269169981031477,0.8951048951048951,0.4825174825174825,0.0,0.500638741674298
PH,.,0.5084406353649643,0.4531699198063209,0.38405604160989,0.8869565217391304,0.4434782608695652,0.6308644496689072,0.4992450013771813
DNA_photolyase,.,0.679856707142543,0.510251172643361,0.6996823353193018,0.8251748251748252,0.5874125874125874,0.0,0.49761261123168665
CARD,.,0.22286008983588163,0.47495839007413815,0.6285588093434267,0.83,0.53,0.6122823417533665,0.49628982248146863
SpoU_methylase_N,.,0.2930716565105553,0.33931003177485003,0.5950895936411692,0.8181818181818182,0.5714285714285714,0.6688239926347562,0.4917522165404733
sh2,.,0.5910088827169738,0.4937206839158688,0.22010367516689505,0.9197080291970803,0.39416058394160586,0.6541381362655531,0.4871037118008805
Ribosomal_L12,.,0.2248827754931833,0.4386442729611099,0.5698865023725572,0.8732394366197183,0.5915492957746479,0.5667463984720928,0.48429614193804243
cytb,.,0.36669611295840976,0.4167801482826421,0.4919970891566633,0.8717948717948718,0.4700854700854701,0.6331568413055721,0.4791593380333001
voltage_CLC,.,0.625857889813718,0.7471629596005424,0.0,0.8251748251748252,0.27972027972027974,0.7515290797636129,0.4716646552443689
cat,.,0.766065256627627,0.34986382206082417,0.7124190317950325,0.8321678321678322,0.5664335664335665,0.0,0.47077679743837786
PBD,.,0.22890477278598614,0.272355878347706,0.5699355283459636,0.7777777777777778,0.8055555555555556,0.5686059451647817,0.4694198344490065
hip,.,0.3072494533947239,0.29970494779845475,0.5710706984827514,0.8681318681318682,0.4835164835164835,0.6911683623736538,0.4686038017553922
dsrm,.,0.2641879197889997,0.2962626721137826,0.5225270940065543,0.8064516129032258,0.6290322580645161,0.6933539801585202,0.46539243331311314
RNA_pol_H,.,0.25269002248843464,0.3246709033136611,0.5712815540903398,0.8148148148148148,0.5555555555555556,0.6756002576093527,0.4592721535773368
GATA,.,0.24854418453774813,0.18202451202905034,0.5127549619449702,0.8484848484848485,0.8333333333333334,0.557037310888356,0.4548484008490987
VPR,.,0.09078377548711498,0.17415645332122776,0.4932078050318975,0.8444444444444444,0.9777777777777777,0.596788539129579,0.45306225873149386
cytochrome_b,.,0.508197233056629,0.4972764412165181,0.6966295483858187,0.8531468531468531,0.5944055944055944,0.0,0.44327719774445595
UCR_14kD,.,0.29885750690482527,0.5422908155545431,0.73990232305569,0.839622641509434,0.7264150943396226,0.0,0.4423638077947738
Bac_DNA_binding,.,0.1858330659122817,0.3434331971553919,0.5309312999352712,0.75,0.7638888888888888,0.5686059451647817,0.44079980462868834
ANATO,.,0.16765257731841543,0.31615978211529555,0.48135168289037145,0.8648648648648649,0.5945945945945946,0.7171120221950095,0.44045936835345395
GGL,.,0.13130973373358598,0.2394462097140251,0.5182238948505099,0.75,0.9411764705882353,0.561006424177845,0.4402555808189942
RNA_dep_RNA_pol,.,0.6480694687451837,0.45869269178392774,0.7622169711774833,0.8531468531468531,0.4125874125874126,0.0,0.4379610363828723
HLH,.,0.15096349498435097,0.1739673172945972,0.5155152287516782,0.8153846153846154,0.9230769230769231,0.5550074177006218,0.43767698156637524
biotin_lipoyl,.,0.4065650734045553,0.24103495233772054,0.471889427694989,0.8674698795180723,0.5542168674698795,0.587508814203803,0.4358162585254972
cks,.,0.272215901557047,0.17075200484188138,0.5462601784933157,0.825,0.725,0.5826141969014055,0.433381751240988
ATP-synt_DE_N,.,0.4629721655629618,0.35500832198516924,0.35619684876004803,0.9322033898305084,0.3728813559322034,0.63428838363503,0.4304316891600836
lh2,.,0.1436487575370106,0.23638220608261315,0.5197169227876208,0.8918918918918919,0.7432432432432432,0.5722487873182773,0.4281480596187128
fkbp,.,0.6247705550495819,0.49549856256619357,0.6025977919743588,0.9448818897637795,0.4251968503937008,0.0,0.42310090835169434
B,.,0.14252962629777655,0.29187471629595824,0.583228624940641,0.8235294117647058,0.7254901960784313,0.5227575330647264,0.4218430335712956
MBD,.,0.3331671413175247,0.24016492661522026,0.4662851849203073,0.8604651162790697,0.5930232558139535,0.5922296209228362,0.4203932790862363
Arch_histone,.,0.15621338847624977,0.35391133303071265,0.5129120964751188,0.8705882352941177,0.6,0.590674569029806,0.4200248249658483
rnasemam,.,0.5391291817938947,0.5757678922681171,0.6703838562573605,0.8811188811188811,0.4125874125874126,0.0,0.41813478006378113
lacI,.,0.11432730448227675,0.2967544257830214,0.5442908549702659,0.7719298245614035,0.7192982456140351,0.6285318385896925,0.4167633443302246
Ribosomal_L30,.,0.203960809510005,0.27874867604781206,0.5656572738232835,0.8309859154929577,0.5352112676056338,0.6579644556188642,0.4158368591676668
phycoerythr_ab,.,0.40949771610451213,0.18160841277046366,0.24567206067479913,0.8857142857142857,0.638095238095238,0.7102923006352262,0.41525039712019496
HMG_box,.,0.14967364720583645,0.22378574670903165,0.5286407101323647,0.828125,0.75,0.5529460520494445,0.4018343407796199
BRCT,.,0.3390862280471389,0.3427523074595228,0.43740371439676107,0.8807339449541285,0.3853211009174312,0.6237401336547228,0.3932480442243318
myb_DNA-binding,.,0.14960388334829577,0.1759343319715529,0.5017151972308701,0.8727272727272727,0.6727272727272727,0.6237401336547228,0.38876901000731534
Amino_oxidase_D2,.,0.4854752657046761,0.4582387653200151,0.6973371460001364,0.9,0.45384615384615384,0.0,0.38821728037995795
PABP,.,0.1308704164538312,0.27413375699803155,0.5225678656841601,0.819672131147541,0.5901639344262295,0.6376263519535043,0.3811504675855229
protg,.,0.164215831450594,0.22094870630957672,0.5464351241277974,0.7894736842105263,0.7017543859649122,0.5375455842285037,0.3759343275005473
KH,.,0.32012604257944566,0.27632773490694346,0.36785654309546634,0.9019607843137255,0.4411764705882353,0.6149152084063005,0.3624109414139367
FN2,.,0.2791628752366373,0.15369193523982363,0.4013283638231875,0.8305084745762712,0.6101694915254238,0.6331568413055721,0.357307348120139
PARATHYROID,.,0.05309883772123706,0.12384627023755397,0.4256353982734073,0.9117647058823529,0.9117647058823529,0.46884874883627087,0.35266110546304114
il8,.,0.3562704020744341,0.26475261007716616,0.3353469025323362,0.952755905511811,0.33858267716535434,0.6440609344281797,0.3515264395140452
SAP,.,0.14239351379135398,0.20127855954001994,0.4548850255351563,0.8627450980392157,0.6078431372549019,0.6136052921829805,0.3483177291810158
DISIN,.,0.34269492910057914,0.11953396883038216,0.37733389267167866,0.9047619047619048,0.5476190476190477,0.5891011137287325,0.3477108505123591
SRP19,.,0.4509459527395278,0.5210319261612919,0.5061230214793739,0.8769230769230769,0.5076923076923077,0.0,0.34118991181248437
CAT_RBD,.,0.3013892578781317,0.17442124375851034,0.4347034010394597,0.8333333333333334,0.5606060606060606,0.557037310888356,0.3407538403109575
planttoxin,.,0.13658994631019764,0.15728551974580013,0.41304428031370444,0.8085106382978723,0.6595744680851063,0.6026336747210875,0.3109209497735268
RING,.,0.13210331929128805,0.16099258586775542,0.4436741318517887,0.7627118644067796,0.6440677966101694,0.6331568413055721,0.31058936706066875
S4,.,0.12071779982354341,0.22730367680435645,0.47284267012323256,0.7931034482758621,0.5862068965517241,0.5398579107060779,0.297541443673058
thionin,.,0.08706421695007444,0.1847480708125275,0.4721358525020043,0.8222222222222222,0.6666666666666666,0.5061164146751685,0.29715757186564773
C1,.,0.10797323579487135,0.18036011499470314,0.48086383129031185,0.8,0.64,0.5201246664117924,0.2937308431633185
phero,.,0.09397288426014193,0.13640490240580946,0.4317918155734056,0.7894736842105263,0.7105263157894737,0.4836368000000481,0.2640177201813378
Ribosomal_S5_N,.,0.3154869876155028,0.2852171281585699,0.4995210993885975,0.8382352941176471,0.7058823529411765,0.0,0.2634970219573243
LDLa,.,0.2090416826325499,0.04955363897715201,0.3610073026133585,0.9354838709677419,0.5,0.548724890492632,0.24907673444094358
Ribosomal_L6_D,.,0.41512552740006436,0.35084732939930235,0.44412414242788917,0.8942307692307693,0.46153846153846156,0.0,0.23557660807999534
P53,.,0.05506910612979211,0.14850960811015188,0.45431233643431324,0.9032258064516129,1.0,0.0,0.23388687634144187
GAL4,.,0.06815684000343546,0.10149039188984661,0.36505912533150087,0.8484848484848485,0.696969696969697,0.4648796355467819,0.22816724408176178
Colicin_Pyocin,.,0.3417034375833287,0.4801028899984842,0.3735568348249982,0.8983050847457628,0.4322033898305085,0.0,0.2213473329680373
zf-TAZ,.,0.2093452738709555,0.4932667574519558,0.44316709847992825,0.8899082568807339,0.46788990825688076,0.0,0.2134154526196529
7kD_DNA_binding,.,0.26640214884646674,0.2535557573006494,0.5163757807390051,0.8088235294117647,0.6470588235294118,0.0,0.20937334561363682
FYVE,.,0.32100885608944374,0.2711832349825982,0.47753952346148026,0.8552631578947368,0.5263157894736842,0.0,0.1948199958948155
mthina,.,0.05242763378538673,0.040588591314873426,0.3459890089734949,0.8064516129032258,0.7419354838709677,0.45656721515105786,0.19220465167565548
neur_chan_memb,.,0.031888333962135744,0.09445453169919746,0.4306990982643776,0.8695652173913043,1.0,0.0,0.1860310278855516
GLUCAGON,.,0.027137549198110195,0.08261461643213748,0.41601390332380955,0.896551724137931,0.9655172413793104,0.0,0.17223667463474998
TFIIS,.,0.25474837879471973,0.17139506733242416,0.4787780994782285,0.8888888888888888,0.5873015873015873,0.0,0.16984476138517401
P,.,0.20783735146335847,0.1482069904675434,0.45229325995400677,0.7833333333333333,0.7833333333333333,0.0,0.1676717451177103
toxin,.,0.30034547401550676,0.09392495082463236,0.5967697896287454,0.898876404494382,0.47191011235955055,0.0,0.16298344131466308
hormone5,.,0.4234165180550744,0.29747314268421654,0.2817676039820904,0.9389312977099237,0.35877862595419846,0.0,0.14111736695763336
pot,.,0.34320030175903343,0.17706914813133504,0.44265294672453337,0.8837209302325582,0.45348837209302323,0.0,0.14103358452989295
zf-CCHH,.,0.07752989624280696,0.09804811620517419,0.4252127253191785,0.7857142857142857,0.8571428571428571,0.0,0.12093777333047855
GLA,.,0.07153432646561102,0.029202602511726218,0.34759737081595427,0.9117647058823529,0.8235294117647058,0.0,0.0995840505052391
PCI_1,.,0.22583534105116146,0.1141625056740801,0.44392470652494964,0.7547169811320755,0.6415094339622641,0.0,0.09834613220948651
e3,.,0.03987749994033909,0.08064760175518183,0.4528601331840472,0.7567567567567568,0.8108108108108109,0.0,0.08440092147309883
GBP_PSP,.,0.0737790416264798,0.03971856559237379,0.3680280043190716,0.7391304347826086,0.9130434782608695,0.0,0.08182035048990631
FN1,.,0.22090124128790717,0.16700711151460013,0.35840516887467566,0.8214285714285714,0.5535714285714286,0.0,0.07741365874528493
WW,.,0.0905301729571493,0.06975336662127363,0.40349876653558847,0.7647058823529411,0.7647058823529411,0.0,0.06740932135619193
kunitz,.,0.24070187082319466,0.16965501588742518,0.3644449744863503,0.8823529411764706,0.4117647058823529,0.0,0.05877291820961533
kazal,.,0.25096268063736316,0.16326221818731934,0.2970854301137854,0.9021739130434783,0.42391304347826086,0.0,0.04755794272159099
DEFSN,.,0.03609809161375983,0.06831593281888293,0.3924012747601234,0.8333333333333334,0.7,0.0,0.04497901719643444
END,.,0.023863215865226734,0.024776819488576043,0.3552909856465596,0.7619047619047619,0.8571428571428571,0.0,0.0424280774859686
TIL,.,0.24883400275178955,0.13863670752004745,0.3058376000469874,0.9021739130434783,0.41304347826086957,0.0,0.0372860114833498
zf-CCHC,.,0.0,0.0,0.37431317632784283,0.5882352941176471,0.9411764705882353,0.0,0.0
